{"step": 4095, "train_loss": 3.1334668211638927, "_timestamp": 1699201625.4435368, "_runtime": 956.520843744278, "_step": 31, "_wandb": {"runtime": 1455}}